{"1":{"name":"country","drawOps":[{"color":"E31010","sizePx":1,"drawOrder":100}]},"2":{"name":"region","drawOps":[{"color":"CC8A58","sizePx":1,"drawOrder":90}]},"3":{"name":"state","drawOps":[{"color":"FFE30D","sizePx":1,"drawOrder":80}]},"4":{"name":"admin5","drawOps":[{"color":"369670","sizePx":1,"drawOrder":70}]},"5":{"name":"county","drawOps":[{"color":"3E8A25","sizePx":1,"drawOrder":60}]},"6":{"name":"township","drawOps":[{"color":"32FCF6","sizePx":1,"drawOrder":50}]},"7":{"name":"city","drawOps":[{"color":"0F34BA","sizePx":1,"drawOrder":40}]},"8":{"name":"ward","drawOps":[{"color":"A46DFC","sizePx":1,"drawOrder":30}]},"9":{"name":"neighborhood","drawOps":[{"color":"B811B5","sizePx":1,"drawOrder":20}]},"10":{"name":"admin11","drawOps":[{"color":"FF2020","sizePx":1,"drawOrder":10}]},"9999":{"name":"background","drawOps":[{"color":"F2EFE9","sizePx":1,"drawOrder":101}]},"10000":{"name":"unmatched","drawOps":[{"color":"000000","sizePx":1,"drawOrder":100}]}}
