{"10":{"name":"tertiary","drawOps":[{"color":"707070","sizePx":7.5,"drawOrder":99},{"color":"000000","sizePx":2.5,"drawOrder":98}]},"20":{"name":"university","drawOps":[{"color":"FFFFE5","sizePx":2.5,"drawOrder":100}]},"30":{"name":"retail","drawOps":[{"color":"FFD4CE","sizePx":2.5,"drawOrder":100}]},"40":{"name":"theatre","drawOps":[{"color":"3B3B3B","sizePx":2.5,"drawOrder":100}]},"50":{"name":"concert hall","drawOps":[{"color":"3B3B3B","sizePx":2.5,"drawOrder":100}]},"60":{"name":"arts centre","drawOps":[{"color":"3B3B3B","sizePx":2.5,"drawOrder":100}]},"70":{"name":"planetarium","drawOps":[{"color":"3B3B3B","sizePx":2.5,"drawOrder":100}]},"80":{"name":"artsCulture","drawOps":[{"color":"3B3B3B","sizePx":2.5,"drawOrder":100}]},"90":{"name":"library","drawOps":[{"color":"3B3B3B","sizePx":2.5,"drawOrder":100}]},"100":{"name":"public bookcase","drawOps":[{"color":"3B3B3B","sizePx":2.5,"drawOrder":100}]},"110":{"name":"community centre","drawOps":[{"color":"3B3B3B","sizePx":2.5,"drawOrder":100}]},"120":{"name":"conference centre","drawOps":[{"color":"3B3B3B","sizePx":2.5,"drawOrder":100}]},"130":{"name":"exhibition centre","drawOps":[{"color":"3B3B3B","sizePx":2.5,"drawOrder":100}]},"140":{"name":"events_venue","drawOps":[{"color":"3B3B3B","sizePx":2.5,"drawOrder":100}]},"150":{"name":"aquarium","drawOps":[{"color":"3B3B3B","sizePx":2.5,"drawOrder":100}]},"160":{"name":"artwork","drawOps":[{"color":"3B3B3B","sizePx":2.5,"drawOrder":100}]},"170":{"name":"attraction","drawOps":[{"color":"3B3B3B","sizePx":2.5,"drawOrder":100}]},"180":{"name":"gallery","drawOps":[{"color":"3B3B3B","sizePx":2.5,"drawOrder":100}]},"190":{"name":"museum","drawOps":[{"color":"3B3B3B","sizePx":2.5,"drawOrder":100}]},"200":{"name":"theme_park","drawOps":[{"color":"3B3B3B","sizePx":2.5,"drawOrder":100}]},"210":{"name":"viewpoint","drawOps":[{"color":"3B3B3B","sizePx":2.5,"drawOrder":100}]},"220":{"name":"zoo","drawOps":[{"color":"3B3B3B","sizePx":2.5,"drawOrder":100}]},"390":{"name":"camping","drawOps":[{"color":"def6c0","sizePx":1.2,"drawOrder":100}]},"400":{"name":"tourism","drawOps":[{"color":"660033","sizePx":2.5,"drawOrder":100}]},"490":{"name":"wreck","drawOps":[{"color":"A52A2A","sizePx":2.5,"drawOrder":100}]},"500":{"name":"historical","drawOps":[{"color":"B3B3B3","sizePx":2.5,"drawOrder":100}]},"650":{"name":"placeofworship","drawOps":[{"color":"d0d0d0","sizePx":1.2,"drawOrder":100}]},"690":{"name":"namedBuilding","drawOps":[{"color":"d1b6a1","sizePx":2.5,"drawOrder":100},{"color":"806b5b","sizePx":1.2,"drawOrder":99}]},"700":{"name":"building","drawOps":[{"color":"272f37","sizePx":2.5,"drawOrder":100},{"color":"586873","sizePx":1.2,"drawOrder":99}]},"790":{"name":"bgwater","drawOps":[{"color":"aad3df","sizePx":12.5,"drawOrder":101}]},"800":{"name":"water","drawOps":[{"color":"aad3df","sizePx":12.5,"drawOrder":100}]},"900":{"name":"wetland","drawOps":[{"color":"0C4026","sizePx":2.5,"drawOrder":100}]},"1000":{"name":"park","drawOps":[{"color":"380533","sizePx":2.5,"drawOrder":100}]},"1100":{"name":"beach","drawOps":[{"color":"fff1ba","sizePx":2.5,"drawOrder":100}]},"1200":{"name":"natureReserve","drawOps":[{"color":"124504","sizePx":2.5,"drawOrder":100}]},"1300":{"name":"cemetery","drawOps":[{"color":"AACBAF","sizePx":2.5,"drawOrder":100}]},"1400":{"name":"trailFilled","drawOps":[{"color":"F0E68C","sizePx":5,"drawOrder":100}]},"1500":{"name":"trail","drawOps":[{"color":"F0E68C","sizePx":5,"drawOrder":100}]},"1700":{"name":"parking","drawOps":[{"color":"111111","sizePx":1.2,"drawOrder":100}]},"1800":{"name":"grass","drawOps":[{"color":"32144f","sizePx":1.2,"drawOrder":100}]},"1900":{"name":"sandColored","drawOps":[{"color":"D7B526","sizePx":1.2,"drawOrder":100}]},"2000":{"name":"forest","drawOps":[{"color":"522d51","sizePx":1.2,"drawOrder":100}]},"2100":{"name":"industrial","drawOps":[{"color":"EBDBE8","sizePx":1.2,"drawOrder":100}]},"2200":{"name":"residential","drawOps":[{"color":"ff66cc","sizePx":1.2,"drawOrder":100}]},"2300":{"name":"sidewalk","drawOps":[{"color":"C0C0C0","sizePx":1.2,"drawOrder":100}]},"2400":{"name":"censusbounds","drawOps":[{"color":"000000","sizePx":1.2,"drawOrder":100}]},"2500":{"name":"donotdraw","drawOps":[{"color":"000000","sizePx":1.2,"drawOrder":100}]},"2600":{"name":"greyFill","drawOps":[{"color":"AAAAAA","sizePx":1.2,"drawOrder":100}]},"2700":{"name":"motorwayFilled","drawOps":[{"color":"dc2a67","sizePx":31,"drawOrder":93},{"color":"e892a2","sizePx":25,"drawOrder":92}]},"2800":{"name":"motorway","drawOps":[{"color":"dc2a67","sizePx":31,"drawOrder":93},{"color":"e892a2","sizePx":25,"drawOrder":92}]},"2900":{"name":"primaryFilled","drawOps":[{"color":"a06b00","sizePx":8.6,"drawOrder":95},{"color":"fcd6a4","sizePx":5,"drawOrder":94}]},"3000":{"name":"primary","drawOps":[{"color":"a06b00","sizePx":17,"drawOrder":95},{"color":"fcd6a4","sizePx":10,"drawOrder":94}]},"3100":{"name":"secondaryFilled","drawOps":[{"color":"707d05","sizePx":12.5,"drawOrder":97},{"color":"f7fabf","sizePx":7.5,"drawOrder":96}]},"3200":{"name":"secondary","drawOps":[{"color":"707d05","sizePx":12.5,"drawOrder":97},{"color":"f7fabf","sizePx":7.5,"drawOrder":96}]},"3300":{"name":"tertiaryFilled","drawOps":[{"color":"8f8f8f","sizePx":7.5,"drawOrder":99},{"color":"ffffff","sizePx":2.5,"drawOrder":98}]},"3350":{"name":"rail","drawOps":[{"color":"707070","sizePx":6.3,"drawOrder":97},{"color":"ffffff","sizePx":5.3,"drawOrder":96}]},"3400":{"name":"tree","drawOps":[{"color":"aedfa3","sizePx":1.2,"drawOrder":97},{"color":"a52a2a","sizePx":0.3,"drawOrder":96}]},"3500":{"name":"landfill","drawOps":[{"color":"b6b592","sizePx":1.2,"drawOrder":100}]},"3600":{"name":"farmland","drawOps":[{"color":"eef0d5","sizePx":1.2,"drawOrder":100}]},"3700":{"name":"farmyard","drawOps":[{"color":"f5dcba","sizePx":1.2,"drawOrder":100}]},"3800":{"name":"scrub","drawOps":[{"color":"382954","sizePx":1.2,"drawOrder":100}]},"3900":{"name":"garages","drawOps":[{"color":"dfddce","sizePx":1.2,"drawOrder":100}]},"4000":{"name":"military","drawOps":[{"color":"ff5555","sizePx":1.2,"drawOrder":100}]},"4100":{"name":"sportspitch","drawOps":[{"color":"aae0cb","sizePx":1.2,"drawOrder":100}]},"4200":{"name":"golfgreen","drawOps":[{"color":"aae0cb","sizePx":1.2,"drawOrder":100}]},"4300":{"name":"golfcourse","drawOps":[{"color":"def6c0","sizePx":1.2,"drawOrder":100}]},"4400":{"name":"stadium","drawOps":[{"color":"dffce2","sizePx":1.2,"drawOrder":100}]},"4500":{"name":"railway","drawOps":[{"color":"ffc0cb","sizePx":1.2,"drawOrder":100}]},"4600":{"name":"airportapron","drawOps":[{"color":"dbdbe1","sizePx":1.2,"drawOrder":100}]},"4710":{"name":"airportrunway","drawOps":[{"color":"bbbbcc","sizePx":1.2,"drawOrder":100}]},"4730":{"name":"airporterminal","drawOps":[{"color":"c5b7ad","sizePx":1.2,"drawOrder":100}]},"4800":{"name":"raceway","drawOps":[{"color":"ffc0cb","sizePx":1.2,"drawOrder":100}]},"4900":{"name":"heath","drawOps":[{"color":"d6d99f","sizePx":1.2,"drawOrder":100}]},"5000":{"name":"sand","drawOps":[{"color":"f5e9c6","sizePx":1.2,"drawOrder":100}]},"5100":{"name":"glacier","drawOps":[{"color":"ddecec","sizePx":1.2,"drawOrder":100}]},"5200":{"name":"aerodrome","drawOps":[{"color":"e9e7e2","sizePx":1.2,"drawOrder":100}]},"5300":{"name":"restarea","drawOps":[{"color":"f9c6c6","sizePx":1.2,"drawOrder":100}]},"5400":{"name":"bridge","drawOps":[{"color":"f9c6c6","sizePx":1.2,"drawOrder":99}]},"5500":{"name":"power","drawOps":[{"color":"f9c6c6","sizePx":1.2,"drawOrder":100}]},"5600":{"name":"tree_row","drawOps":[{"color":"add19e","sizePx":1.2,"drawOrder":100}]},"5700":{"name":"orchard","drawOps":[{"color":"aedfa3","sizePx":1.2,"drawOrder":100}]},"5800":{"name":"allotments","drawOps":[{"color":"c9e1bf","sizePx":1.2,"drawOrder":100}]},"9999":{"name":"background","drawOps":[{"color":"0c1107","sizePx":1.2,"drawOrder":1001}]},"10000":{"name":"unmatched","drawOps":[{"color":"000000","sizePx":1.2,"drawOrder":1000}]}}
