{"1":{"name":"park","drawOps":[{"color":"93FF61","sizePx":12.5},{"color":"B2FF8F","sizePx":37.5}]},"2":{"name":"university","drawOps":[{"color":"FFFFE5","sizePx":2.5},{"color":"F5EED3","sizePx":37.5}]},"3":{"name":"natureReserve","drawOps":[{"color":"124504","sizePx":2.5},{"color":"027021","sizePx":37.5}]},"4":{"name":"cemetery","drawOps":[{"color":"404040","sizePx":37.5}]},"5":{"name":"historical","drawOps":[{"color":"780404","sizePx":2.5}]},"6":{"name":"theatre","drawOps":[{"color":"0027b5","sizePx":2.5}]},"7":{"name":"concert hall","drawOps":[{"color":"0027b5","sizePx":2.5}]},"8":{"name":"arts centre","drawOps":[{"color":"0027b5","sizePx":2.5}]},"9":{"name":"planetarium","drawOps":[{"color":"0027b5","sizePx":2.5}]},"10":{"name":"artsCulture","drawOps":[{"color":"0027b5","sizePx":2.5}]},"11":{"name":"library","drawOps":[{"color":"0027b5","sizePx":2.5}]},"12":{"name":"public bookcase","drawOps":[{"color":"0027b5","sizePx":2.5}]},"13":{"name":"community centre","drawOps":[{"color":"0027b5","sizePx":2.5}]},"14":{"name":"conference centre","drawOps":[{"color":"0027b5","sizePx":2.5}]},"15":{"name":"exhibition centre","drawOps":[{"color":"0027b5","sizePx":2.5}]},"16":{"name":"events_venue","drawOps":[{"color":"0027b5","sizePx":2.5}]},"17":{"name":"aquarium","drawOps":[{"color":"0027b5","sizePx":2.5}]},"18":{"name":"artwork","drawOps":[{"color":"0027b5","sizePx":2.5}]},"19":{"name":"attraction","drawOps":[{"color":"0027b5","sizePx":2.5}]},"20":{"name":"gallery","drawOps":[{"color":"0027b5","sizePx":2.5}]},"21":{"name":"museum","drawOps":[{"color":"0027b5","sizePx":2.5}]},"22":{"name":"theme_park","drawOps":[{"color":"0027b5","sizePx":2.5}]},"23":{"name":"viewpoint","drawOps":[{"color":"0027b5","sizePx":2.5}]},"24":{"name":"zoo","drawOps":[{"color":"0027b5","sizePx":2.5}]},"25":{"name":"named trail","drawOps":[{"color":"a1521d","sizePx":5}]},"7000":{"name":"serverGenerated","drawOps":[{"color":"76E3E1","sizePx":12.5},{"color":"5CB5B4","sizePx":37.5}]},"10000":{"name":"background","drawOps":[{"color":"000000","sizePx":1.2}]},"10001":{"name":"unmatched","drawOps":[{"color":"000000","sizePx":1.2}]}}
